customer_id,first_name,last_name,email,phone,city,country
1,Laura,Barnett,amberwarren@gmail.com,0907408143,Paulland,Central African Republic
2,Debbie,Mcclain,laura93@morales-snyder.com,001-817-233-5090x97285,Kendratown,Peru
3,Amy,Clark,emily05@cook-edwards.com,037-818-1151,North Tyler,Mayotte
4,Lisa,Stevenson,simpsongloria@hotmail.com,(818)721-1278x159,East Kevinchester,Sweden
5,Gary,Contreras,daniel59@yahoo.com,(376)579-1221,Kanebury,Mali
6,Christopher,Thomas,jennifersanford@hotmail.com,033.201.6015x8700,Robbinsfort,Korea
7,Kari,Vance,paula06@mack-jackson.biz,+1-395-800-9849x93220,Michaelview,Djibouti
8,Sierra,Jackson,ycurtis@bernard.com,193.342.4125x6456,Lake Stacyberg,Botswana
9,Jared,Williams,james25@williams.com,(306)270-3893,New Thomasstad,San Marino
10,Amanda,Yoder,xkim@elliott.com,(246)068-6234,West Luisside,Costa Rica
11,Alexis,Snow,delacruztyler@anderson-pace.info,593-222-5899,Port Dannyborough,Luxembourg
12,John,Sandoval,luisyang@andersen.com,+1-745-091-4579x194,Lake Donna,Svalbard & Jan Mayen Islands
13,Margaret,Barnett,shawnhernandez@gmail.com,(916)584-7694,Charleshaven,Montenegro
14,Jessica,Hanson,morgan82@hotmail.com,001-636-743-2307x999,Christineborough,Egypt
15,Jill,Moore,stephen82@yahoo.com,918.691.0942x1304,Mitchellbury,Croatia
16,Kathleen,Preston,michellejones@brown-singh.com,2595112731,South Petermouth,Spain
17,Thomas,Garza,courtney99@hotmail.com,249.946.5924,South Paul,Bouvet Island (Bouvetoya)
18,Laura,Fox,otran@hotmail.com,997.890.0868,Petersonbury,Ethiopia
19,Eric,Clark,thomasbobby@johnson.com,099.880.4548x29396,Rodriguezview,Tokelau
20,Angelica,Schmidt,vreyes@walker-joseph.info,569-238-8149x3933,North William,Norfolk Island
21,Jessica,Adams,hgreen@hotmail.com,288-613-5220x9850,Port Annehaven,Oman
22,Sabrina,Hawkins,cody61@hotmail.com,001-030-325-1439x14811,North George,Montserrat
23,Jesse,Scott,arhodes@gmail.com,001-888-793-8862,Lake Jeffreyhaven,Vietnam
24,Timothy,Smith,nunezrachel@stewart.org,+1-138-197-7654x87459,Leebury,Trinidad and Tobago
25,Samantha,Alexander,huertajames@harris-bell.com,115-270-7859x6216,Norristown,Yemen
26,Wayne,Martin,andersonmegan@hotmail.com,(184)513-0789x91200,Underwoodton,Chad
27,Laurie,Christensen,christophergarcia@garrett.com,(857)275-8898,Justinbury,Nigeria
28,Brian,Adams,greg51@yahoo.com,0834569277,New Jason,Cyprus
29,Kathleen,Jacobson,uedwards@lane-leach.com,(490)542-8803,Heidiburgh,Romania
30,Kevin,Curry,greenian@snyder.com,485-330-7067x840,Shannonfort,Bermuda
31,Tommy,Deleon,jamesguzman@gmail.com,0663083126,West Ashleyside,United Arab Emirates
32,Jeffrey,Burch,annajones@anderson.com,(328)292-3329,Lake Jasonstad,Italy
33,Carol,Roberts,blackwelljessica@carter-kelley.com,001-380-884-0371x7462,West Kimberlytown,United States Minor Outlying Islands
34,Erika,Conrad,diana50@jennings.biz,+1-332-649-3449,Smithberg,Timor-Leste
35,Denise,Stevenson,lnorman@hunter-hodges.com,+1-907-201-8858x054,Lake Mitchell,China
36,Brandi,Sanchez,ujackson@gilbert.net,(092)518-5214x202,East Kayleeton,Japan
37,Rebecca,Goodman,melissa83@yahoo.com,+1-424-848-3651,Rachelport,Syrian Arab Republic
38,Christopher,Evans,fcoleman@allen.com,157-530-2554,Johnfurt,Bolivia
39,Johnathan,Dickson,pharrington@gmail.com,122.085.9008x0770,East Matthew,France
40,Nicholas,Vaughn,srodriguez@hotmail.com,001-187-160-4384,Vincentshire,Ecuador
41,Nathaniel,Johnson,torresshelly@obrien.com,139-404-2258x876,West Michael,Lebanon
42,Dustin,Hayes,brittanydavenport@yahoo.com,(763)238-1332,Grahamstad,Niue
43,Clayton,Carter,oscarphillips@hotmail.com,925-245-5124x077,Petersonbury,Andorra
44,Karen,Wade,andreaward@wilson.info,(103)402-6627x626,Oneillhaven,Andorra
45,Michelle,Estes,audreyturner@barrera-adams.com,+1-708-914-5981x8621,Robertberg,Mexico
46,Alicia,Kelley,msmith@hotmail.com,360.115.9268,Port Dylan,Zimbabwe
47,Amber,Bryan,april95@hotmail.com,151.102.0346x29159,North Joanport,Greece
48,Tommy,Barron,melissabailey@baker-hurst.com,001-155-560-3169,Port Deborah,Czech Republic
49,Tamara,Kirby,debrabell@hotmail.com,439-870-0070x557,Woodsmouth,Sweden
50,Debbie,Baker,carlosmiller@may.info,001-529-004-3152,New Juliaborough,Greenland
51,Ashley,Bowen,christopher13@yahoo.com,795.254.7230x649,East Brian,Serbia
52,Douglas,Reyes,trivas@yahoo.com,(776)975-2604x103,Huntport,Northern Mariana Islands
53,Sheri,Davis,jenniferanderson@jones.com,137.063.1857x780,New Julie,Indonesia
54,Michael,Newman,joseph01@harris-murphy.com,815.184.2427x74739,South Dustin,Monaco
55,Tyler,Burgess,yperry@perry.net,192.654.3657x4907,New David,Falkland Islands (Malvinas)
56,Allison,Smith,simmonssamuel@oconnor.com,(387)612-7486,Scottchester,Cook Islands
57,John,Cruz,hickmanjason@yahoo.com,402-465-4484,Cynthiaport,South Africa
58,Crystal,Barrett,allisonbrown@gmail.com,(021)235-9100,North Amberfurt,El Salvador
59,Ashley,Brown,xpayne@williams-rocha.com,902-037-1769,South Paige,Guatemala
60,Hayley,Frederick,jenkinsmichael@hotmail.com,001-131-973-2555,Lake Jacquelineville,Palestinian Territory
61,David,Guerrero,denise87@gmail.com,070.887.0817,Port Lesliebury,Kuwait
62,Bianca,George,johnsonkenneth@gmail.com,813.613.7026x279,Jostad,Kyrgyz Republic
63,Sandra,Davis,donna89@stephens-skinner.com,413-695-6900,Rickeyport,Vietnam
64,Brian,Adams,ybrock@bowers-gibson.info,524.688.5026x59007,Nicholsonfurt,Australia
65,Dustin,Hansen,slee@nguyen.info,001-730-155-7280,Marystad,Sudan
66,John,Martinez,jessicasteele@yahoo.com,+1-596-196-6025,Nguyenburgh,Swaziland
67,Robert,Spencer,frenchrebecca@yahoo.com,+1-396-592-4285x341,East Darrylbury,Ecuador
68,Heather,Espinoza,averyraymond@hotmail.com,848.309.6567x208,New Gabriel,Tonga
69,Thomas,Wilson,warrenedward@yahoo.com,(454)222-7769x243,Garciachester,Central African Republic
70,Stephanie,Salazar,pattonjoshua@oneal.com,001-085-642-2143x793,East Laurieland,Bosnia and Herzegovina
71,Ethan,House,freemanaaron@thomas.com,564-014-6636x5240,East Stacyport,Yemen
72,Amber,Allen,oflynn@webb.org,7565775427,Morganfurt,Sweden
73,Juan,Bradshaw,vaughanraymond@patterson.com,822-199-6345,Robinmouth,Korea
74,Matthew,Love,steve40@carter.com,(596)140-6103x15983,Jonesborough,Barbados
75,William,Carter,mcmahondaniel@ellis-adams.com,+1-467-336-6174x7761,South Christian,Sweden
76,Ashley,Velazquez,matthewcarson@collins.com,+1-749-497-0519x855,Port Benjamin,Malawi
77,Casey,Shannon,charles44@stevens.com,001-113-378-0199,Port Markburgh,Qatar
78,Lisa,Kent,vsalinas@ramsey-jensen.net,(744)965-0653,Smithchester,Liberia
79,Aaron,Clark,grace13@yahoo.com,(473)003-1684x17660,Lake Margaretstad,Colombia
80,Tommy,Nguyen,ericellis@gmail.com,200.255.3971x20713,Josephstad,Latvia
81,Dawn,Newman,idunn@gmail.com,+1-556-266-4769,Caseyport,Finland
82,William,Hart,austinhawkins@yahoo.com,+1-182-920-2885x3644,Gibsonchester,Colombia
83,Alan,Brown,franklinchristopher@williams-perez.com,001-618-453-9848,Dianaberg,Philippines
84,Adam,Washington,chelsea71@gmail.com,304-263-3604,Julieville,Swaziland
85,Robert,Reyes,dwilliamson@cooke.org,208-072-4821x42553,Simmonsburgh,Guyana
86,Shawn,Morris,deanna81@gmail.com,808.359.6530x3001,West Haydenhaven,Saint Kitts and Nevis
87,Lawrence,Garcia,ewilliams@rogers.com,(172)749-7879x9728,North Jasonville,Vietnam
88,Bonnie,Davidson,autumn22@parker-bean.com,+1-278-461-1964x878,Colleenside,Kiribati
89,Wendy,Adams,zwilkins@yahoo.com,(818)627-8693,Samanthachester,Malawi
90,Deborah,Choi,williamwilson@yahoo.com,+1-564-199-0972,Wardbury,Bosnia and Herzegovina
91,Ronnie,Higgins,lauriefischer@cabrera.com,204-995-3681x434,Port Michelle,Cyprus
92,George,Arnold,brownbrian@hotmail.com,(440)018-1221x747,Sarahbury,Slovakia (Slovak Republic)
93,Mark,Johnson,hector34@brown.com,(079)055-9923,Robersonfurt,Indonesia
94,Matthew,Miller,tpetty@yahoo.com,+1-160-141-2805,South Kaylee,Cyprus
95,Bryan,Morgan,frodriguez@gmail.com,6612465418,Kimview,Jordan
96,Christine,Weaver,jesus20@hotmail.com,+1-677-943-8231,Aliciafurt,Taiwan
97,Jason,Owens,davischad@gmail.com,001-615-724-0469,West Colton,Russian Federation
98,Nicholas,Green,markhaas@yahoo.com,177-999-5276,Wileybury,Iran
99,Levi,Morrison,xjuarez@smith.info,(241)493-1620,New Brianside,Japan
100,Lauren,Reed,alanwoods@hotmail.com,887-438-8729,South Shawn,Marshall Islands
